start_ms,end_ms,audio_lock_ms
937568977.509583,937568995.977042,0.003750
937568998.491292,937569011.940250,0.001083
937569097.865292,937569111.617042,0.001500
937569199.990667,937569211.949125,0.001333
937569297.763583,937569311.952083,0.001083
937569397.601292,937569411.933500,0.000958
937569497.645333,937569512.208000,0.000875
937569597.653375,937569612.147042,0.001292
937569697.693417,937569712.107917,0.001083
937569797.684208,937569812.116750,0.000792
937569897.680750,937569912.305250,0.001042
937569997.617458,937570012.314333,0.001167
937570097.615417,937570112.284250,0.001042
937570197.625958,937570212.275500,0.001333
937570297.707125,937570312.264167,0.001125
937570397.678750,937570412.363792,0.001000
937570599.274708,937570612.405417,0.000958
937570671.543083,937570678.991292,0.000000
937570707.531292,937570712.301333,0.000000
937570712.883417,937570729.011250,0.000000
937570729.537667,937570745.706792,0.000000
937570746.334833,937570762.500958,0.000000
937570763.134208,937570778.054792,0.000000
937570778.571750,937570795.801208,0.000000
937570796.425750,937570812.396417,0.000000
937570812.942250,937570829.052417,0.000000
937570829.657208,937570845.689375,0.000000
937570846.200250,937570862.359667,0.000000
937570862.870875,937570878.808792,0.000000
937570879.331708,937570895.677708,0.000000
937570896.176250,937570911.808917,0.000000
937570912.345000,937570929.184250,0.000000
937570929.711667,937570945.749958,0.000000
937570946.262333,937570962.428792,0.000000
937570962.946042,937570979.099042,0.000000
937570979.613625,937570995.694500,0.000000
937570996.194958,937571012.413667,0.000000
937571012.920083,937571028.286042,0.000000
937571028.801000,937571045.746083,0.000000
937571046.242208,937571062.310500,0.000000
937571062.778125,937571079.021292,0.000000
937571079.510583,937571095.662542,0.000000
937571096.146417,937571112.453917,0.000000
937571112.966875,937571129.052792,0.000000
937571129.492250,937571145.725917,0.000000
937571146.170167,937571162.350917,0.000000
937571162.784750,937571179.036167,0.000000
937571179.472042,937571195.656958,0.000000
937571196.127625,937571212.516125,0.000000
937571212.980125,937571229.097208,0.000000
937571229.539292,937571245.771792,0.000000
937571246.285125,937571262.448333,0.000000
937571262.944833,937571279.200083,0.000000
937571279.758250,937571295.777500,0.000000
937571297.928458,937571312.553958,0.000000
937571313.115208,937571329.123250,0.000000
937571329.602708,937571344.917292,0.000000
937571345.396792,937571362.441417,0.000000
937571362.941000,937571379.221625,0.000000
937571379.778750,937571395.829500,0.000000
937571396.311583,937571412.499042,0.000000
937571413.027125,937571429.210625,0.000000
937571429.693667,937571445.822875,0.000000
937571446.298250,937571462.455875,0.000000
937571462.914208,937571479.129083,0.000000
937571479.598542,937571495.785250,0.000000
937571496.254667,937571511.707625,0.000000
937571512.911208,937571529.155875,0.000000
937571529.618375,937571545.357708,0.000000
937571545.848458,937571562.242250,0.000000
937571563.934208,937571579.183250,0.000000
937571580.645958,937571595.864792,0.000000
937571598.056167,937571612.509750,0.000000
937571614.478625,937571629.229167,0.000000
937571630.477417,937571645.810708,0.000000
937571648.095542,937571662.490792,0.000000
937571663.631708,937571679.265708,0.000000
937571680.909458,937571695.889583,0.000000
937571696.375000,937571712.596792,0.000000
937571714.377042,937571729.242125,0.000000
937571731.296417,937571745.964375,0.000000
937571747.552708,937571762.545458,0.000000
937571764.073708,937571779.222208,0.000000
937571780.412250,937571795.876417,0.000000
937571797.014208,937571812.608417,0.000000
937571813.717667,937571829.229667,0.000000
937571830.441500,937571844.892458,0.000000
937571846.848167,937571862.571917,0.000000
937571864.011292,937571879.194500,0.000000
937571881.051167,937571895.877167,0.000000
937571903.133042,937571912.567250,0.000000
937571913.057125,937571929.210125,0.000000
937571931.037667,937571945.464542,0.000000
937571947.453875,937571962.576000,0.000000
937571964.076917,937571979.197042,0.000000
937571981.838917,937571995.962208,0.000000
937572001.191792,937572012.405125,0.000000
937572037.921958,937572045.932958,0.000000
937572049.105708,937572061.591125,0.000000
937572062.023833,937572078.704667,0.000000
937572093.735125,937572095.902833,0.000708
937572100.450417,937572111.684792,0.001125
937572113.809250,937572129.273167,0.001208
937572131.189917,937572145.386333,0.000708
937572147.366250,937572161.633417,0.000917
937572163.512583,937572179.082750,0.000667
937572181.061708,937572195.972083,0.000500
937572199.123208,937572212.614042,0.000833
937572216.023292,937572229.252000,0.000667
937572232.071208,937572245.826125,0.000292
937572248.235417,937572262.648917,0.000458
937572265.299750,937572278.465833,0.000917
937572281.108500,937572295.643208,0.000458
937572298.125250,937572312.695083,0.001000
937572315.227792,937572328.362625,0.001042
937572329.950667,937572346.068500,0.000875
937572347.854875,937572362.704750,0.000625
937572364.612750,937572379.448458,0.000625
937572381.300542,937572396.068000,0.000500
937572397.764208,937572411.685875,0.001208
937572413.304958,937572428.367667,0.000708
937572429.915750,937572446.141250,0.000708
937572447.670375,937572461.719000,0.001083
937572463.320167,937572479.050667,0.000792
937572480.766583,937572495.093792,0.000625
937572496.791208,937572511.789958,0.000542
937572513.560375,937572529.494667,0.001083
937572531.235292,937572546.184333,0.000708
937572547.943083,937572562.772708,0.000917
937572564.501375,937572579.484750,0.000917
937572581.220625,937572595.890375,0.001417
937572597.679000,937572612.800000,0.000333
937572614.597292,937572628.474708,0.000792
937572630.210250,937572646.120042,0.001000
937572647.800250,937572661.836958,0.000792
937572663.554333,937572679.492083,0.001125
937572681.275708,937572695.270417,0.001000
937572696.860625,937572712.847500,0.000875
937572714.565250,937572728.841125,0.000167
937572730.543542,937572746.151083,0.000167
937572747.677667,937572762.817333,0.001500
937572764.542958,937572778.450167,0.000083
937572780.230833,937572796.094667,0.000792
937572797.586500,937572812.554625,0.000875
937572814.135292,937572829.458917,0.000708
937572831.017208,937572845.090917,0.001125
937572846.696750,937572862.761125,0.000292
937572864.299958,937572879.537083,0.000417
937572881.236875,937572895.646625,0.001125
937572897.071458,937572913.027250,0.000542
937572914.758333,937572928.854375,0.001333
937572930.469083,937572946.201750,0.000917
937572947.745500,937572962.849292,0.000667
937572964.503458,937572979.501708,0.000833
937572981.211500,937572995.296958,0.000750
937572996.927708,937573012.906625,0.000625
937573014.660875,937573028.517625,0.000750
937573029.993500,937573046.183125,0.001042
937573047.720458,937573062.072292,0.000458
937573063.564125,937573079.572708,0.000917
937573081.167083,937573096.203167,0.000625
937573097.912000,937573112.908833,0.001000
937573114.414625,937573128.551958,0.001000
937573130.417375,937573146.273542,0.000625
937573147.808042,937573162.907125,0.000583
937573164.800375,937573179.347000,0.001000
937573181.639250,937573195.184708,0.000458
937573196.680458,937573212.997542,0.000833
937573214.645375,937573229.531375,0.000958
937573231.190000,937573246.405208,0.000208
937573248.292708,937573261.895000,0.001333
937573263.421792,937573279.589500,0.000958
937573281.209000,937573296.259667,0.001208
937573297.916000,937573312.918667,0.000833
937573314.384208,937573329.571625,0.000500
937573330.954458,937573345.172875,0.001167
937573346.320750,937573362.982792,0.000083
937573364.410167,937573379.559750,0.000583
937573381.189083,937573395.243542,0.000042
937573396.727208,937573411.949208,0.000583
937573413.407542,937573428.678875,0.000333
937573430.071292,937573446.168917,0.000792
937573447.972417,937573462.215583,0.000750
937573463.651667,937573478.648667,0.000208
937573480.221708,937573495.264875,0.000708
937573496.819833,937573512.865333,0.000375
937573514.560042,937573529.645292,0.000958
937573531.210500,937573545.256500,0.000417
937573546.827333,937573562.026417,0.000000
937573563.661708,937573579.659083,0.000542
937573581.326792,937573596.336667,0.000542
937573597.958583,937573612.996875,0.001083
937573614.546083,937573629.723500,0.000042
937573631.240417,937573645.319625,0.001000
937573646.738042,937573663.000917,0.000917
937573664.589292,937573679.694708,0.001250
937573681.380458,937573695.413125,0.001125
937573696.930750,937573713.060875,0.000667
937573714.694000,937573728.653000,0.001375
937573730.092458,937573746.350667,0.000333
937573747.851958,937573763.084292,0.000083
937573764.611250,937573779.817292,0.000917
937573781.567167,937573795.598875,0.001583
937573797.184208,937573813.102958,0.000500
937573814.819250,937573829.700083,0.001417
937573831.368000,937573846.407167,0.000250
937573848.200542,937573862.764958,0.000958
937573864.324792,937573878.740333,0.000542
937573880.485833,937573895.410000,0.000417
937573898.869750,937573912.104667,0.000458
937573916.981625,937573929.870208,0.001292
937573934.340708,937573946.464292,0.000833
937573950.973833,937573963.055708,0.000667
937573967.437000,937573978.850917,0.000333
937573983.333167,937573996.419917,0.000500
937574000.901875,937574013.134917,0.000375
937574017.608750,937574029.833417,0.000583
937574034.756375,937574046.461833,0.000792
937574050.666458,937574062.031625,0.000667
937574065.817708,937574079.107083,0.000375
937574091.508208,937574095.477958,0.000917
937574113.362583,937574129.831958,0.000625
937574141.636792,937574145.907625,0.000792
937574161.082958,937574163.201542,0.000458
937574181.952083,937574196.590583,0.001000
937574207.505708,937574213.188750,0.000375
937574226.829042,937574228.891208,0.000750
937574246.618250,937574262.207583,0.000708
937574274.502917,937574279.855458,0.000583
937574294.645750,937574296.616167,0.000417
937574317.379292,937574328.967375,0.001333
937574340.669750,937574346.548708,0.000500
937574360.166375,937574363.208583,0.000792
937574382.646917,937574396.576958,0.001583
937574410.432583,937574413.176792,0.000917
937574435.749833,937574445.529333,0.001167
937574460.648833,937574463.216375,0.000958
937574484.796625,937574495.668250,0.000625
937574508.663625,937574513.421500,0.001542
937574530.364708,937574545.604458,0.001458
937574556.507667,937574562.250917,0.000917
937574574.592042,937574579.942042,0.000708
937574592.223958,937574596.657208,0.001167
937574612.855583,937574630.043208,0.001042
937574642.471000,937574646.598083,0.001375
937574662.818917,937574679.975542,0.000625
937574692.649500,937574696.612375,0.000542
937574710.198417,937574713.266542,0.001000
937574727.033125,937574729.912333,0.000583
937574744.626417,937574746.596542,0.000958
937574762.656958,937574780.033167,0.001917
937574789.600542,937574796.942875,0.000458
937574806.387833,937574813.373458,0.000542
937574823.203167,937574830.319875,0.001208
937574838.696000,937574846.692250,0.000542
937574856.157417,937574863.535542,0.001333
937574872.175042,937574880.095083,0.000750
937574887.320458,937574896.598583,0.001250
937574902.616417,937574913.347833,0.000583
937574919.378583,937574928.913917,0.000667
937574934.601292,937574946.185542,0.000667
937574952.118750,937574963.343750,0.001000
937574969.557917,937574979.931708,0.001125
937574985.316292,937574996.684375,0.000917
937575002.155667,937575013.349083,0.000458
937575019.053417,937575029.813792,0.000833
937575034.952375,937575046.718042,0.000750
937575052.342042,937575062.316583,0.000875
937575067.372583,937575080.162625,0.000708
937575084.030292,937575096.723292,0.000792
937575100.248917,937575112.400292,0.000250
937575116.161583,937575129.059667,0.000458
937575132.404250,937575145.781583,0.000708
937575149.065333,937575163.538833,0.000667
937575166.992750,937575180.158917,0.001583
937575183.101417,937575195.793000,0.000667
937575198.571458,937575213.396250,0.001208
937575216.209042,937575230.113083,0.000167
937575232.879292,937575246.339625,0.001000
937575249.110875,937575263.436917,0.000708
937575266.033833,937575279.161750,0.000417
937575280.911333,937575296.835667,0.000458
937575298.360750,937575313.445083,0.000542
937575315.007750,937575330.108792,0.000125
937575331.709083,937575346.096708,0.000875
937575347.725208,937575362.482833,0.000958
937575364.219417,937575379.195667,0.001083
937575380.772375,937575396.777917,0.000500
937575398.368125,937575413.505833,0.000667
937575415.057583,937575429.950042,0.000708
937575431.567583,937575445.780000,0.000667
937575447.415792,937575463.489750,0.000417
937575465.189208,937575480.110625,0.000667
937575481.644292,937575496.779792,0.000042
937575498.400250,937575513.531375,0.000333
937575515.220000,937575530.222333,0.000292
937575531.831958,937575546.874750,0.000792
937575548.575250,937575563.554458,0.001000
937575565.217875,937575579.173417,0.000458
937575580.924917,937575596.026833,0.000542
937575597.657875,937575613.079750,0.002292
937575614.638125,937575630.128917,0.000583
937575631.608083,937575646.037542,0.000833
937575647.602208,937575663.521625,0.000042
937575665.135542,937575679.163250,0.000333
937575680.853292,937575695.953125,0.000792
937575697.274125,937575713.701583,0.000125
937575715.328958,937575730.256542,0.000500
937575731.836125,937575746.862667,0.000792
937575748.404583,937575762.709500,0.001125
937575764.067542,937575780.257500,0.000917
937575781.880542,937575796.931250,0.000750
937575798.447583,937575813.590833,0.000667
937575815.214375,937575830.285375,0.001125
937575831.832625,937575846.864750,0.000792
937575848.285750,937575863.596375,0.000583
937575865.206042,937575879.258125,0.000708
937575880.966917,937575896.910250,0.000917
937575898.405792,937575912.748792,0.000500
937575914.224708,937575930.289042,0.000458
937575931.938833,937575947.001750,0.001042
937575948.503792,937575962.603875,0.000917
937575964.077750,937575979.271583,0.000750
937575980.891083,937575996.981667,0.000667
937575998.506125,937576012.606583,0.001292
937576014.081292,937576030.344958,0.000833
937576032.016792,937576046.980292,0.001042
937576048.581667,937576063.625458,0.001125
937576065.136500,937576080.285667,0.001042
937576081.902750,937576096.974167,0.001292
937576098.476417,937576113.634000,0.001083
937576115.115042,937576129.278208,0.000917
937576130.760958,937576146.234208,0.000708
937576147.676167,937576162.923833,0.001125
937576164.326625,937576180.301125,0.000750
937576181.672917,937576196.926875,0.000500
937576198.199625,937576212.705083,0.000708
937576214.296458,937576229.606208,0.001000
937576231.362667,937576247.108125,0.000875
937576248.771042,937576263.595625,0.000875
937576265.161583,937576279.303250,0.000333
937576281.074042,937576296.685042,0.000250
937576298.155333,937576313.769625,0.000375
937576315.502708,937576330.365375,0.000875
937576331.871917,937576347.042625,0.001167
937576348.608208,937576363.691458,0.001083
937576365.459792,937576380.381583,0.000625
937576381.855333,937576397.010875,0.001000
937576398.613917,937576412.674792,0.000542
937576414.278917,937576429.428250,0.000875
937576431.011833,937576446.363625,0.001250
937576447.948333,937576463.680292,0.001083
937576465.164958,937576479.401708,0.000583
937576481.344583,937576497.051250,0.000750
937576501.966250,937576513.705875,0.000667
937576518.652042,937576529.482708,0.000958
937576534.008750,937576547.070750,0.001042
937576551.712125,937576563.776458,0.001125
937576568.172833,937576579.819125,0.000250
937576584.806333,937576597.163000,0.002208
937576599.028708,937576613.734708,0.000833
937576615.636917,937576629.462875,0.000167
937576631.348167,937576646.875917,0.000958
937576648.620208,937576663.734250,0.001000
937576665.482958,937576680.475292,0.000792
937576682.505500,937576696.806375,0.001042
937576701.010958,937576713.777750,0.000542
937576718.850542,937576729.721583,0.001167
937576734.129292,937576747.111500,0.000833
937576751.467958,937576763.785708,0.000292
937576768.129792,937576780.390917,0.000958
937576784.800625,937576797.008417,0.000750
937576798.889958,937576812.846083,0.000750
937576814.871500,937576830.486208,0.001250
937576832.564333,937576847.189167,0.000667
937576849.199542,937576863.811375,0.001333
937576865.692417,937576879.844708,0.000708
937576881.993750,937576897.168417,0.000667
937576901.860333,937576913.133000,0.000875
937576918.227042,937576930.508000,0.000500
937576935.220875,937576947.243750,0.001125
937576951.812458,937576963.841792,0.000917
937576968.739125,937576979.692208,0.001500
937576984.373917,937576997.121833,0.000708
937577001.776625,937577013.763958,0.001125
937577018.903167,937577030.486875,0.000083
937577034.748083,937577047.153333,0.000750
937577051.890333,937577062.876917,0.000792
937577067.150250,937577080.497375,0.001458
937577085.186417,937577096.223333,0.000667
937577100.202667,937577112.902333,0.000708
937577117.579750,937577130.502042,0.000750
937577135.015833,937577147.142583,0.000708
937577151.308375,937577163.844000,0.000833
937577168.581208,937577180.501417,0.001000
937577184.706000,937577196.320917,0.000833
937577198.023125,937577213.958875,0.000667
937577215.963167,937577230.590750,0.000708
937577232.494958,937577247.216083,0.000708
937577249.129917,937577263.950500,0.000750
937577265.986375,937577280.037208,0.001208
937577282.283875,937577297.272917,0.000833
937577301.844583,937577313.931667,0.001000
937577318.552375,937577330.392375,0.000708
937577334.353250,937577347.240750,0.000833
937577350.960458,937577363.902167,0.000708
937577367.565667,937577380.160042,0.001083
937577383.255042,937577396.332708,0.000792
937577400.265083,937577413.536833,0.000458
937577416.299917,937577430.578583,0.001042
937577433.225792,937577446.302542,0.000583
937577449.043875,937577463.975125,0.001042
937577466.796458,937577479.615292,0.001208
937577481.373625,937577496.305750,0.000792
937577498.139042,937577513.981167,0.000625
937577515.546417,937577530.651542,0.000042
937577532.197958,937577547.325083,0.000083
937577549.153708,937577564.034000,0.001208
937577565.803208,937577580.711917,0.000708
937577582.542375,937577596.505292,0.000708
937577598.389708,937577613.058792,0.001667
937577614.678667,937577630.252500,0.000708
937577631.827333,937577647.318458,0.000250
937577648.880500,937577664.061042,0.000708
937577665.706833,937577680.643625,0.001083
937577682.134250,937577697.322083,0.000750
937577698.992667,937577712.985167,0.000583
937577714.678250,937577729.680167,0.000167
937577731.077958,937577747.315500,0.000458
937577748.969042,937577764.017583,0.000333
937577765.728792,937577780.755083,0.000750
937577782.242125,937577797.357208,0.000917
937577799.016708,937577813.052208,0.001083
937577814.530083,937577829.733958,0.001083
937577831.308375,937577847.528542,0.001292
937577849.266417,937577864.080458,0.000917
937577865.867042,937577879.805250,0.001083
937577881.432542,937577896.445042,0.000542
937577897.989250,937577912.969667,0.000792
937577914.307708,937577930.183875,0.000042
937577931.632625,937577947.435542,0.000333
937577948.930292,937577964.149875,0.000042
937577965.897417,937577979.865333,0.001125
937577981.416708,937577996.509417,0.000875
937577998.009417,937578014.130542,0.001375
937578015.689583,937578030.922125,0.000833
937578032.618625,937578047.450667,0.001250
937578048.981917,937578064.203875,0.000542
937578065.910625,937578080.644125,0.000625
937578082.313958,937578097.434583,0.000750
937578098.769500,937578114.065042,0.000375
937578115.326458,937578130.793958,0.000792
937578132.219875,937578146.715750,0.000792
937578148.313250,937578164.066458,0.001417
937578165.640042,937578180.847500,0.000750
937578182.470458,937578197.658958,0.000750
937578199.207708,937578213.125583,0.000792
937578214.754500,937578231.058708,0.000375
937578232.820875,937578246.855792,0.001333
937578248.738833,937578264.262125,0.001250
937578265.977792,937578279.804667,0.000542
937578281.338125,937578297.207083,0.000333
937578298.845708,937578314.265708,0.000917
937578315.820250,937578330.869875,0.000583
937578332.442542,937578347.564167,0.000958
937578349.105167,937578363.221583,0.001208
937578364.746542,937578380.865000,0.001083
937578382.276750,937578396.772375,0.000833
937578398.500417,937578414.295250,0.000708
937578415.924250,937578431.039250,0.001208
937578432.700333,937578447.534375,0.000875
937578449.133125,937578464.250083,0.000958
937578465.838292,937578480.877625,0.001167
937578482.252208,937578497.587917,0.000417
937578499.204708,937578513.210667,0.000667
937578514.701417,937578529.874708,0.000583
937578531.321750,937578546.563333,0.000542
937578547.959875,937578563.787667,0.000542
937578565.434583,937578580.376000,0.000958
937578581.901958,937578596.551875,0.001083
937578598.103625,937578614.241500,0.001333
937578615.769042,937578630.542750,0.000375
937578632.048000,937578647.513917,0.000250
937578648.899542,937578663.265792,0.000167
937578664.965250,937578680.922875,0.000583
937578682.484833,937578697.566917,0.000875
937578699.017500,937578714.242375,0.000708
937578715.469333,937578730.956042,0.000542
937578732.452250,937578747.566625,0.000750
937578748.864708,937578764.264833,0.000625
937578765.801250,937578779.931333,0.000708
937578781.482375,937578796.726208,0.000458
937578798.344917,937578814.293625,0.001375
937578815.766208,937578831.017292,0.000917
937578832.454750,937578846.596208,0.000667
937578847.852417,937578864.252417,0.000917
937578865.599958,937578881.007292,0.000542
937578882.635542,937578897.677917,0.000792
937578899.386708,937578914.294625,0.001375
937578915.652875,937578931.004042,0.000833
937578932.489042,937578947.761583,0.000917
937578949.554833,937578964.450542,0.000917
937578966.079208,937578981.006542,0.001000
937578982.704625,937578997.657583,0.001042
937579001.797208,937579014.348375,0.000458
937579017.878667,937579030.050167,0.001083
937579033.971875,937579047.698167,0.001333
937579052.339958,937579064.356667,0.000583
937579069.081792,937579080.013708,0.000750
937579084.828167,937579097.737042,0.000417
937579102.373083,937579114.328583,0.001125
937579119.202083,937579131.027542,0.000417
937579135.589625,937579147.770792,0.000625
937579152.204792,937579164.390250,0.000417
937579168.661667,937579179.978500,0.000958
937579184.697250,937579196.719917,0.000583
937579200.978167,937579213.390917,0.001375
937579218.151042,937579230.030708,0.000583
937579234.728000,937579247.787250,0.000792
937579252.153417,937579264.100792,0.000875
937579268.479542,937579281.017208,0.001125
937579284.967500,937579296.762292,0.000417
937579301.067875,937579314.202500,0.001042
937579318.968875,937579330.219417,0.000708
937579334.447708,937579346.823333,0.000792
937579351.045208,937579364.371333,0.000583
937579368.747625,937579381.132333,0.000542
937579385.308667,937579396.767208,0.000583
937579401.158708,937579414.451958,0.000417
937579416.506250,937579430.077750,0.000875
937579431.752375,937579447.779333,0.001083
937579449.624167,937579464.477833,0.000708
937579466.374542,937579481.145750,0.000708
937579483.412333,937579497.961417,0.000917
937579505.460542,937579514.796583,0.001083
937579520.034500,937579531.497375,0.003542
937579537.184458,937579547.727333,0.002500
937579552.741458,937579564.331625,0.000917
937579569.079208,937579581.275250,0.000833
937579586.583125,937579597.333500,0.000792
937579600.239417,937579614.429458,0.001292
937579616.213208,937579631.124625,0.000458
937579633.106792,937579647.904750,0.000708
937579650.034458,937579664.583875,0.000458
937579666.723125,937579680.136167,0.000917
937579682.063375,937579696.859667,0.000542
937579701.668292,937579714.478250,0.000792
937579719.030250,937579731.181417,0.000750
937579735.849167,937579747.871583,0.000917
937579752.626417,937579764.512708,0.000958
937579769.299333,937579781.261500,0.000583
937579786.070375,937579797.865667,0.000625
937579799.876167,937579813.490125,0.000583
937579815.159667,937579831.227708,0.000208
937579833.037958,937579846.932625,0.000542
937579848.811333,937579863.559583,0.001167
937579865.548542,937579881.205917,0.000958
937579883.122250,937579896.833667,0.000625
937579901.255667,937579914.540083,0.000792
937579918.384667,937579931.340917,0.000875
937579935.082833,937579947.923167,0.001042
937579950.665750,937579963.508917,0.000875
937579966.278333,937579980.273125,0.000667
937579983.219458,937579997.640042,0.001375
937579999.373333,937580014.572125,0.000333
937580016.102417,937580031.510458,0.000667
937580033.516875,937580048.107250,0.002208
937580050.012208,937580064.654375,0.001458
937580066.473458,937580081.028917,0.001208
937580082.843875,937580097.912208,0.000708
937580100.644542,937580114.547083,0.000042
937580115.999000,937580131.250542,0.000708
937580132.741417,937580148.047417,0.000875
937580149.841167,937580164.644625,0.000750
937580166.539625,937580181.360333,0.001125
937580183.209417,937580197.010208,0.000958
937580198.550167,937580214.638708,0.000667
937580216.336958,937580231.362500,0.000875
937580232.886375,937580248.031833,0.000667
937580249.574125,937580264.725667,0.001208
937580266.370250,937580281.385167,0.000792
937580283.147500,937580297.971125,0.000667
937580299.410250,937580314.754042,0.000583
937580316.419625,937580330.280708,0.000583
937580331.788375,937580347.060375,0.000250
937580348.719292,937580364.709958,0.000750
937580366.242583,937580380.367458,0.000750
937580382.087917,937580398.067667,0.001042
937580399.729125,937580414.620250,0.001125
937580416.152750,937580431.119375,0.000708
937580432.624375,937580447.051667,0.000833
937580448.608042,937580463.825167,0.000250
937580465.451958,937580480.428500,0.001042
937580482.004208,937580497.944208,0.001083
937580499.449750,937580513.746125,0.000458
937580515.220625,937580531.320958,0.000667
937580532.771500,937580548.030292,0.000417
937580549.315208,937580564.372250,0.000167
937580566.229250,937580581.492208,0.000667
937580583.274708,937580598.175042,0.001500
937580600.367500,937580614.722250,0.000958
937580616.147375,937580631.421958,0.000958
937580632.968625,937580648.136833,0.000500
937580649.715292,937580664.762250,0.000625
937580666.336875,937580681.506083,0.000792
937580683.155917,937580698.124917,0.000917
937580699.546500,937580714.784333,0.000958
937580716.394542,937580730.602542,0.001083
937580732.098167,937580748.087750,0.000667
937580749.411000,937580764.719417,0.000167
937580765.934542,937580781.447667,0.000458
937580783.094083,937580798.033917,0.001000
937580799.415333,937580813.824542,0.000042
937580815.331625,937580831.475250,0.000875
937580833.016000,937580848.111333,0.000542
937580849.565708,937580864.683375,0.000500
937580865.642958,937580881.538083,0.000333
937580883.381042,937580897.129583,0.000875
937580898.514000,937580914.830292,0.000792
937580916.382542,937580931.186250,0.000208
937580932.503875,937580948.218750,0.000417
937580949.782500,937580964.836292,0.000875
937580966.230875,937580980.478958,0.000542
937580981.966125,937580997.182833,0.001083
937580998.642458,937581014.813000,0.000375
937581016.222917,937581031.596083,0.000292
937581033.087208,937581048.197875,0.001250
937581049.798500,937581064.784875,0.000708
937581066.416125,937581081.539208,0.000542
937581083.106542,937581098.418208,0.000833
937581100.364125,937581115.051417,0.000958
937581116.959083,937581130.550792,0.000917
937581132.125167,937581148.296458,0.000583
937581149.840708,937581164.173667,0.000833
937581165.917917,937581180.929583,0.000500
937581182.478500,937581198.229583,0.000667
937581199.758125,937581214.458083,0.000667
937581215.980208,937581231.532500,0.000958
937581232.843250,937581248.191958,0.000375
937581249.500792,937581264.893583,0.000917
937581266.413667,937581280.548292,0.000292
937581282.068583,937581297.265917,0.000625
937581298.801833,937581314.952500,0.000208
937581316.481708,937581331.575792,0.000500
937581332.909917,937581348.120667,0.000792
937581349.467292,937581364.929542,0.000500
937581366.577375,937581381.646958,0.000500
937581383.166083,937581398.286958,0.000792
937581399.704708,937581414.905417,0.000833
937581416.215792,937581431.553458,0.000917
937581432.842875,937581448.110625,0.000833
937581449.736875,937581464.953417,0.000750
937581466.601125,937581481.580750,0.000917
937581483.363083,937581498.374458,0.001333
937581499.961208,937581514.050542,0.000958
937581515.569417,937581531.640000,0.000792
937581533.063750,937581548.284583,0.000208
937581549.853792,937581565.030250,0.000542
937581566.615667,937581580.697667,0.000375
937581582.352875,937581598.300125,0.000750
937581602.813167,937581614.069750,0.000208
937581618.201208,937581630.722000,0.001125
937581635.275250,937581648.444708,0.001000
937581653.162542,937581665.040167,0.001125
937581670.101667,937581681.635042,0.001042
937581686.236542,937581698.597250,0.001000
937581700.293333,937581715.010250,0.001083
937581716.734417,937581731.710542,0.000333
937581733.469500,937581748.139208,0.000083
937581749.940333,937581765.017250,0.000750
937581766.878458,937581781.650250,0.000208
937581783.320000,937581798.335792,0.001000
937581803.073958,937581814.005667,0.000208
937581818.322708,937581830.733292,0.000833
937581835.474583,937581848.367375,0.000083
937581852.942875,937581865.076167,0.000833
937581869.428042,937581881.796083,0.001208
937581886.181792,937581898.385750,0.001042
937581900.373750,937581914.079000,0.001042
937581915.914958,937581931.699000,0.001083
937581933.337417,937581948.511833,0.000833
937581950.443917,937581965.116583,0.000875
937581966.947750,937581981.871958,0.001000
937581984.195875,937581998.201292,0.000667
937582003.128333,937582015.067250,0.001125
937582020.320208,937582031.913042,0.000625
937582036.497250,937582047.538833,0.000208
937582051.705458,937582065.117417,0.000542
937582069.570375,937582081.760208,0.000167
937582086.923000,937582097.504417,0.000625
937582101.796583,937582114.133875,0.000667
937582118.690500,937582131.815583,0.000500
937582136.551917,937582148.494083,0.000917
937582153.520125,937582165.081292,0.000833
937582169.224083,937582181.830792,0.000750
937582186.857375,937582198.508083,0.000208
937582203.067083,937582215.138042,0.001292
937582219.563542,937582231.806292,0.000667
937582236.297625,937582247.557000,0.001042
937582251.826708,937582265.200750,0.000875
937582269.931708,937582281.773417,0.000625
937582286.123208,937582298.531750,0.000375
937582300.483583,937582315.177458,0.000833
937582317.048000,937582331.801250,0.001000
937582333.642208,937582348.193833,0.000500
937582350.051667,937582365.036917,0.000458
937582366.980875,937582380.839917,0.000125
937582382.845417,937582397.685458,0.000792
937582402.165375,937582415.166750,0.000208
937582419.748542,937582430.745792,0.000667
937582435.006208,937582448.514500,0.000250
937582453.058083,937582465.138667,0.000875
937582469.654042,937582480.848333,0.000667
937582484.403792,937582497.607042,0.000375
937582501.299667,937582515.283208,0.001000
937582518.524750,937582531.868542,0.000708
937582534.525917,937582548.541292,0.000958
937582551.146542,937582565.283917,0.000583
937582568.102375,937582580.993750,0.000083
937582584.023500,937582598.530500,0.000875
937582601.051250,937582615.319042,0.000125
937582617.142917,937582631.892833,0.000958
937582633.660792,937582648.563667,0.000625
937582650.105500,937582664.656000,0.000208
937582666.268292,937582681.877500,0.000875
937582683.604125,937582698.624167,0.000792
937582700.320042,937582715.152000,0.000458
937582716.842833,937582732.022292,0.000500
937582733.850375,937582748.752833,0.000667
937582750.533167,937582765.259125,0.000667
937582766.810500,937582782.031042,0.000333
937582783.852000,937582797.686208,0.000458
937582799.337292,937582815.292042,0.001250
937582816.847542,937582832.016542,0.000292
937582833.552875,937582848.569042,0.000500
937582850.157125,937582865.320750,0.000958
937582866.760292,937582881.164458,0.000750
937582883.010917,937582898.649667,0.000583
937582900.419583,937582915.334292,0.000417
937582917.239625,937582931.992458,0.001417
937582933.550792,937582947.767250,0.000792
937582949.351125,937582965.398500,0.000917
937582966.989792,937582982.064250,0.000958
937582983.736375,937582997.756875,0.001208
937582999.298667,937583014.590375,0.000417
937583016.270500,937583032.025042,0.000875
937583033.548500,937583048.729625,0.000583
937583050.203792,937583064.381500,0.000750
937583065.989292,937583081.036625,0.000833
937583082.711708,937583098.762208,0.000917
937583100.281167,937583114.433833,0.000750
937583116.019833,937583132.045167,0.001000
937583133.497375,937583148.711875,0.000542
937583150.228667,937583165.381167,0.000917
937583166.872583,937583181.079583,0.000833
937583182.700500,937583198.765667,0.000708
937583200.233542,937583214.416000,0.001000
937583215.969833,937583232.062083,0.000750
937583233.550333,937583248.740000,0.000583
937583250.301708,937583265.553750,0.000542
937583267.536083,937583282.253208,0.001083
937583284.164875,937583297.793750,0.001208
937583299.500042,937583315.074500,0.000750
937583316.745875,937583332.093958,0.001167
937583333.660542,937583348.761417,0.000667
937583350.387917,937583364.687917,0.001042
937583366.166958,937583381.087542,0.000917
937583382.522625,937583398.803042,0.000542
937583400.423042,937583415.496250,0.000250
937583417.071750,937583432.127458,0.000750
937583433.715875,937583448.761333,0.000417
937583450.283167,937583465.489417,0.000375
937583467.184875,937583481.067667,0.000417
937583482.473000,937583498.502667,0.000083
937583499.801500,937583515.373917,0.000042
937583516.652208,937583531.821292,0.000167
937583533.126500,937583548.740333,0.000083
937583550.304292,937583564.554375,0.000750
937583566.221875,937583581.232625,0.000792
937583582.724750,937583597.774917,0.000125
937583599.316333,937583615.508833,0.000167
937583616.985333,937583632.105292,0.000042
937583633.531500,937583648.677542,0.000167
937583650.247875,937583665.547292,0.000792
937583667.267583,937583682.190667,0.000750
937583683.716750,937583698.828167,0.000458
937583700.298875,937583715.456292,0.000542
937583716.766000,937583732.220042,0.000250
937583733.709542,937583748.838833,0.000417
937583750.120625,937583765.550417,0.000667
937583767.154125,937583782.246625,0.000542
937583783.830500,937583798.861292,0.000792
937583800.505792,937583815.760167,0.000583
937583817.479083,937583832.246250,0.001750
937583833.886500,937583848.877042,0.000542
937583850.522833,937583865.573625,0.000667
937583867.166417,937583882.262917,0.000750
937583883.935750,937583898.936500,0.000708
937583900.574458,937583915.515500,0.000000
937583917.022833,937583931.229417,0.000375
937583932.791375,937583948.843417,0.000333
937583950.246875,937583965.617208,0.000792
937583967.214375,937583982.278833,0.000833
937583985.593750,937583997.911792,0.000750
937583999.610833,937584014.617875,0.000583
937584016.122500,937584032.335958,0.000542
937584033.851708,937584048.337417,0.000792
937584049.957583,937584065.690667,0.000625
937584067.366125,937584082.283792,0.000917
937584083.918958,937584098.949125,0.000792
937584101.767792,937584115.681542,0.000667
937584118.591083,937584131.670125,0.000458
937584134.949333,937584148.024500,0.000583
937584151.869000,937584165.662833,0.000542
937584169.347417,937584181.368667,0.000958
937584185.922875,937584199.103250,0.000750
937584203.763708,937584215.659250,0.034625
937584219.973042,937584231.326417,0.000625
937584235.717958,937584247.979917,0.001208
937584252.213042,937584265.086292,0.000500
937584269.567750,937584282.368833,0.001333
937584286.877500,937584299.040667,0.000958
937584305.706458,937584314.664917,0.001000
937584319.820875,937584331.346542,0.000750
937584336.293500,937584349.054042,0.000917
937584353.600792,937584365.727000,0.000917
937584370.275500,937584381.335500,0.000625
937584385.835292,937584398.973917,0.001333
937584404.383625,937584414.943583,0.000583
937584419.191750,937584432.098417,0.001000
937584436.603750,937584449.008625,0.000375
937584453.328375,937584465.725667,0.000417
937584470.468500,937584481.360250,0.001208
937584486.155583,937584499.066042,0.000833
937584501.037333,937584514.746083,0.001167
937584516.674292,937584531.402167,0.001042
937584533.249125,937584548.109208,0.000542
937584550.117250,937584565.749750,0.001083
937584567.745000,937584582.508792,0.000917
937584584.865375,937584598.071917,0.001042
937584602.607500,937584615.824375,0.000542
937584620.246583,937584631.514667,0.001333
937584636.163792,937584649.098292,0.001208
937584653.506083,937584665.795375,0.000833
937584670.446833,937584682.393958,0.000708
937584687.597292,937584698.781875,0.000833
937584700.819625,937584714.762750,0.000833
937584716.720958,937584732.495875,0.000917
937584734.647208,937584749.147000,0.000833
937584751.029333,937584764.790750,0.000333
937584766.750875,937584782.418667,0.000250
937584784.500000,937584799.157750,0.000208
937584803.752208,937584814.779417,0.000792
937584818.951000,937584832.466625,0.000667
937584837.241167,937584848.324542,0.000958
937584852.403083,937584865.864417,0.000958
937584870.523583,937584882.444375,0.001333
937584887.227167,937584899.161958,0.000792
937584901.255792,937584915.949667,0.001000
937584918.123875,937584932.577833,0.001167
937584934.730792,937584949.177083,0.000917
937584951.146917,937584965.782292,0.000500
937584967.737333,937584981.480500,0.000417
937584983.350833,937584999.212333,0.000417
937585003.927958,937585015.093708,0.000792
937585019.081000,937585032.249625,0.001083
937585036.662208,937585049.161125,0.001042
937585053.054917,937585065.909583,0.000542
937585069.636375,937585082.490250,0.001250
937585085.589833,937585098.284417,0.000583
937585100.210083,937585114.920708,0.001250
937585116.744833,937585132.576000,0.000583
937585134.221458,937585149.274000,0.000542
937585150.948958,937585165.917958,0.000417
937585167.526333,937585181.578500,0.000292
937585183.246333,937585199.267750,0.000458
937585201.973042,937585214.935000,0.000875
937585216.678167,937585231.629250,0.000750
937585233.334375,937585248.290375,0.000750
937585249.915417,937585265.933375,0.001083
937585267.664750,937585282.586208,0.000417
937585284.291208,937585298.466542,0.000125
937585299.929708,937585315.936208,0.001083
937585317.395458,937585332.566208,0.000292
937585334.011833,937585349.227750,0.001375
937585350.777667,937585365.924000,0.000458
937585367.584583,937585381.629000,0.000250
937585383.214500,937585399.263167,0.000542
937585400.896833,937585415.928625,0.000458
937585417.597500,937585432.025208,0.000750
937585434.046917,937585448.335208,0.001167
937585449.954875,937585465.982208,0.000375
937585467.585000,937585481.701417,0.000833
937585483.405542,937585499.321542,0.000875
937585501.182708,937585515.292083,0.001000
937585516.687750,937585532.704958,0.000583
937585534.189208,937585549.340250,0.001000
937585550.800833,937585566.094750,0.000333
937585567.703667,937585581.895667,0.000750
937585583.490375,937585598.322125,0.001375
937585600.028417,937585615.344417,0.000750
937585616.872375,937585632.675083,0.000958
937585634.210167,937585648.307542,0.000458
937585649.761958,937585666.006458,0.000792
937585667.557208,937585682.704542,0.001000
937585684.327250,937585699.316458,0.000792
937585700.806750,937585715.930958,0.000583
937585717.273917,937585731.664708,0.000375
937585733.074250,937585749.375292,0.000500
937585750.826500,937585765.229708,0.000875
937585766.794667,937585782.689958,0.000750
937585784.321750,937585798.368167,0.000083
937585799.777125,937585816.057625,0.000542
937585817.570375,937585832.459667,0.000583
937585834.044958,937585849.390417,0.000708
937585851.003542,937585866.106208,0.000542
937585867.709542,937585882.832333,0.001167
937585884.400875,937585899.345000,0.000542
937585900.798875,937585916.155833,0.000958
937585917.979000,937585932.866792,0.001208
937585934.657167,937585949.498042,0.001208
937585951.219625,937585966.158667,0.000917
937585967.963667,937585981.778083,0.000208
937585983.491458,937585999.505208,0.001125
937586000.957833,937586015.184750,0.000042
937586016.750583,937586032.870750,0.001083
937586034.419333,937586049.505458,0.000750
937586051.066667,937586066.154375,0.000708
937586067.639875,937586082.834208,0.001083
937586084.394417,937586099.491042,0.000417
937586101.053667,937586116.146208,0.000583
937586117.611750,937586132.846792,0.000375
937586134.382750,937586149.551125,0.000708
937586151.080083,937586165.170042,0.001125
937586166.623292,937586182.799625,0.000583
937586184.534500,937586199.466708,0.000708
937586200.926708,937586216.116250,0.000625
937586217.508917,937586232.825708,0.000417
937586234.248583,937586249.463875,0.000333
937586250.814792,937586265.946292,0.001083
937586267.503542,937586282.921125,0.000250
937586284.672583,937586299.541083,0.000958
937586301.167250,937586316.270875,0.000917
937586317.746792,937586331.877417,0.000625
937586333.400583,937586349.536208,0.001208
937586351.081958,937586365.202042,0.000542
937586366.753708,937586382.056625,0.000833
937586383.647208,937586399.521375,0.000458
937586400.956125,937586416.166000,0.000750
937586417.775708,937586432.743833,0.001042
937586434.270833,937586449.544167,0.000583
937586451.098000,937586466.286167,0.000708
937586467.962250,937586482.978708,0.001250
937586484.908458,937586499.704792,0.001167
937586501.475083,937586516.307458,0.001083
937586517.896375,937586532.830000,0.001208
937586534.362042,937586549.620500,0.000458
937586551.287792,937586566.279833,0.001250
937586567.805417,937586583.075500,0.001125
937586584.675458,937586599.628417,0.001500
937586601.154458,937586615.894542,0.000833
937586617.411833,937586632.938708,0.000250
937586634.466667,937586648.528875,0.000958
937586650.150000,937586666.291583,0.000167
937586667.982792,937586682.930083,0.000667
937586684.560375,937586699.579417,0.000750
937586701.526333,937586716.327708,0.000292
937586720.312208,937586732.909667,0.000958
937586736.509292,937586749.652583,0.000292
937586753.686625,937586766.201125,0.000292
937586770.229958,937586782.988167,0.000583
937586787.664542,937586799.590792,0.001167
937586801.162833,937586815.254208,0.000667
937586816.900542,937586832.743250,0.000917
937586834.572167,937586849.599250,0.000750
937586851.212667,937586866.358333,0.000042
937586868.044250,937586882.071208,0.001333
937586884.184042,937586898.949208,0.001417
937586903.812042,937586916.346208,0.000458
937586920.622708,937586932.348208,0.001000
937586937.116375,937586948.807417,0.000167
937586953.094125,937586966.359833,0.000500
937586970.607708,937586982.986208,0.000792
937586987.260250,937586998.779833,0.000833
937587002.797958,937587015.366083,0.000458
937587017.055583,937587033.105417,0.001375
937587035.179917,937587049.831167,0.000667
937587051.796708,937587066.386333,0.000792
937587068.267250,937587083.047875,0.001083
937587085.132833,937587099.675167,0.000583
937587106.945000,937587116.075500,0.000458
937587120.846458,937587133.007417,0.000458
937587137.656833,937587148.744708,0.000708
937587153.127417,937587166.345417,0.000708
937587170.958167,937587182.257083,0.000667
937587187.120625,937587199.733542,0.000417
937587204.442333,937587216.334583,0.000750
937587221.000333,937587233.013542,0.000708
937587237.717250,937587249.640625,0.001292
937587254.654833,937587265.365833,0.000542
937587270.119167,937587283.029583,0.000250
937587288.200958,937587299.401417,0.000417
937587304.930875,937587315.564458,0.000917
937587319.822292,937587333.027625,0.000792
937587337.540208,937587349.760875,0.000375
937587354.696458,937587365.603875,0.000792
937587369.913583,937587383.169000,0.000333
937587387.994167,937587398.829125,0.000542
937587402.056125,937587415.426875,0.000583
937587417.309958,937587433.025917,0.000208
937587434.671333,937587449.748500,0.000042
937587451.646125,937587466.498333,0.000208
937587468.649333,937587482.191000,0.000333
937587484.322833,937587498.806583,0.000792
937587503.886792,937587515.470417,0.000333
937587520.525208,937587532.426292,0.000833
937587537.106750,937587549.895417,0.000333
937587554.699125,937587566.383125,0.000625
937587571.216958,937587582.947458,0.000667
937587588.120458,937587599.963875,0.000625
937587604.807750,937587616.676625,0.001167
937587621.520083,937587633.210208,0.001125
937587637.247375,937587648.888792,0.001250
937587652.685208,937587666.569583,0.000708
937587669.653708,937587682.379125,0.000833
937587685.002792,937587699.909875,0.000625
937587702.841333,937587716.720750,0.001583
937587719.452625,937587732.312583,0.000875
937587735.246000,937587749.378667,0.000875
937587752.428042,937587766.823833,0.001292
937587768.471583,937587783.286250,0.000792
937587785.182167,937587811.611750,0.001083
937587813.348708,937587816.423917,0.000500
937587818.443000,937587834.446375,0.000917
937587836.248583,937587850.908875,0.000167
937587852.357375,937587865.610375,0.000500
937587867.344042,937587883.223292,0.001417
937587885.064542,937587899.878250,0.001375
937587901.562042,937587916.606750,0.000042
937587918.392042,937587932.260708,0.000750
937587934.099625,937587949.922292,0.001500
937587951.617750,937587966.641333,0.000333
937587968.515250,937587982.265750,0.000333
937587984.454417,937587999.950333,0.000833
937588001.599125,937588016.590792,0.000667
937588018.149750,937588033.293625,0.000417
937588034.867125,937588049.008917,0.000167
937588050.747875,937588066.643583,0.000958
937588068.169042,937588083.463917,0.000542
937588085.078542,937588099.993500,0.000708
937588101.500125,937588116.746333,0.000000
937588118.439333,937588133.398375,0.001542
937588135.161000,937588150.116625,0.000583
937588151.880667,937588166.867583,0.000958
937588168.411083,937588183.369458,0.001833
937588185.039958,937588199.094875,0.000833
937588200.762375,937588215.661250,0.000583
937588217.284792,937588233.417875,0.000750
937588235.374125,937588250.218375,0.000583
937588251.991083,937588266.007125,0.001500
937588267.726875,937588283.326625,0.001708
937588284.937333,937588298.893583,0.001125
937588300.118083,937588315.732708,0.000083
937588317.516375,937588333.283792,0.000458
937588334.652958,937588349.967583,0.000292
937588351.284375,937588366.748000,0.000375
937588368.502667,937588383.323375,0.001208
937588384.970542,937588399.038500,0.000708
937588400.678042,937588416.740042,0.000708
937588418.424417,937588432.335042,0.001083
937588433.925208,937588449.423958,0.000125
937588451.141833,937588466.155958,0.000625
937588467.784292,937588483.371625,0.000167
937588484.932583,937588499.041958,0.000542
937588500.699500,937588516.682208,0.001083
937588518.081500,937588533.395167,0.000375
937588534.937208,937588549.027583,0.000875
937588550.538958,937588566.831083,0.000125
937588568.760625,937588583.433083,0.001125
937588585.179667,937588600.191750,0.001000
937588601.997000,937588616.738292,0.000833
937588618.122583,937588632.533750,0.000625
937588634.144458,937588649.140500,0.000042
937588650.747250,937588666.799167,0.001167
937588668.536375,937588682.413083,0.000958
937588684.021167,937588700.137792,0.000042
937588701.786917,937588716.813417,0.000833
937588718.493000,937588733.528250,0.000958
937588735.065458,937588749.090417,0.000792
937588750.453375,937588765.742708,0.000500
937588767.328000,937588783.456833,0.000583
937588785.170833,937588800.217708,0.000375
937588801.983833,937588816.963542,0.000833
937588818.811375,937588833.089750,0.001042
937588834.788000,937588849.443750,0.000875
937588850.852750,937588865.844375,0.000458
937588867.468875,937588883.473417,0.000958
937588885.098458,937588900.044542,0.000917
937588901.341375,937588916.758750,0.000333
937588918.272125,937588933.028792,0.000333
937588934.459917,937588950.131333,0.000458
937588951.524542,937588966.862500,0.000875
937588968.461792,937588982.751500,0.000333
937588984.339500,937589000.100375,0.000375
937589001.374000,937589016.784875,0.000000
937589018.271042,937589032.513167,0.000125
937589034.022167,937589050.200167,0.000667
937589051.675375,937589065.970792,0.000625
937589067.545750,937589083.476250,0.000667
937589085.041958,937589100.138292,0.000583
937589101.437875,937589116.833208,0.000542
937589118.168208,937589132.609000,0.000917
937589133.764167,937589150.213792,0.000292
937589151.771458,937589166.377083,0.000042
937589167.904292,937589182.581833,0.000083
937589184.292500,937589200.250750,0.000667
937589201.779667,937589216.854875,0.000792
937589218.305792,937589232.642708,0.000750
937589234.094375,937589250.221250,0.000250
937589252.160500,937589266.116667,0.001042
937589268.904625,937589283.576667,0.001125
937589287.397792,937589299.894333,0.000583
937589303.707667,937589316.919500,0.000792
937589321.017333,937589333.508625,0.000708
937589337.565500,937589350.308750,0.000083
937589355.101417,937589366.939542,0.001250
937589371.549917,937589383.557917,0.000583
937589387.982000,937589399.252458,0.000708
937589403.610125,937589416.972708,0.000917
937589421.208917,937589432.865833,0.001125
937589437.239833,937589450.283125,0.000625
937589455.104792,937589466.954333,0.000292
937589471.276917,937589482.611375,0.000167
937589486.620583,937589499.269500,0.000500
937589503.509917,937589516.705458,0.000000
937589520.985833,937589533.644125,0.001000
937589538.393083,937589550.273333,0.000792
937589555.536917,937589566.972750,0.000375
937589571.949833,937589583.682625,0.000667
937589587.685167,937589600.247667,0.000583
937589601.812917,937589615.952958,0.000958
937589617.779458,937589632.730208,0.000875
937589634.617250,937589649.348792,0.000792
937589651.190625,937589666.018000,0.000750
937589668.021000,937589682.683333,0.001208
937589684.885292,937589700.502250,0.000417
937589705.889292,937589717.297125,0.001542
937589722.752292,937589733.796833,0.000792
937589737.985542,937589749.652208,0.002250
937589754.206542,937589767.036875,0.000583
937589772.042792,937589782.757958,0.001083
937589787.373542,937589799.330875,0.001000
937589801.203708,937589817.038083,0.000333
937589818.903917,937589832.741667,0.000542
937589834.640958,937589850.407667,0.000208
937589852.371583,937589866.869750,0.000708
937589868.834083,937589882.757167,0.000250
937589885.096292,937589900.400542,0.001083
937589905.887500,937589917.134708,0.000833
937589922.707667,937589933.736458,0.000750
937589938.797167,937589949.599167,0.000708
937589954.068375,937589966.112167,0.000708
937589971.473250,937589983.753667,0.000833
937589988.677875,937590000.374167,0.000417
937590002.205375,937590017.115750,0.000750
937590019.085125,937590033.739125,0.000917
937590035.625292,937590050.483250,0.000000
937590052.492875,937590067.057375,0.000458
937590068.989667,937590083.758125,0.000333
937590085.926458,937590100.393250,0.000542
937590105.068125,937590117.092625,0.000125
937590121.477917,937590133.055875,0.000333
937590137.719333,937590149.461917,0.000375
937590154.113292,937590167.133042,0.000458
937590171.556458,937590183.807625,0.000292
937590188.664583,937590200.472208,0.000500
937590202.366583,937590216.211292,0.000750
937590218.130958,937590232.856042,0.000625
937590234.611083,937590250.478125,0.000750
937590252.204542,937590266.714792,0.001083
937590268.532375,937590282.837667,0.000042
937590284.666500,937590300.497000,0.000125
937590303.331667,937590317.128417,0.000667
937590319.955417,937590332.963708,0.001000
937590334.719417,937590350.486792,0.000833
937590352.204792,937590366.206792,0.000167
937590368.065458,937590382.872625,0.001250
937590384.676542,937590400.542792,0.000583
937590402.204208,937590417.161042,0.000000
937590418.806583,937590434.015292,0.000375
937590436.013792,937590450.560458,0.000750
937590452.449875,937590467.253750,0.000875
937590469.119583,937590483.956375,0.001458
937590485.842917,937590500.546500,0.001333
937590502.233500,937590517.278125,0.000917
937590518.951125,937590532.922958,0.000583
937590534.531417,937590550.577750,0.000583
937590552.131792,937590567.284875,0.000833
937590568.989625,937590583.672083,0.001208
937590585.411125,937590600.527250,0.000917
